"0","# make list of simmr objects"
"0","simmr_list = list(simmr_AnchovyJuv, simmr_BenthicInverts, simmr_BlueCrab, simmr_Fundulus, simmr_MudSnail,"
"0","                  simmr_Oyster, simmr_Silverside, simmr_Spot)"
"0",""
"0","# pull out means from each of the simmr objects"
"0","for (i in 1:length(simmr_list)){"
"0","  # function to pull out means"
"0","  simmr.diet = simmr_diet_output_mean(simmr_list[[i]], groups)"
"0","  # save simmr output with predator name"
"0","  assign(paste0(""diet_"", predator_list[i]), simmr.diet)"
"0","}"
