{"chunk_definitions":[{"row":42,"row_count":1,"visible":true,"expansion_state":0,"options":{"engine":"r","include":false,"label":"unnamed-chunk-25","dev":"png"},"document_id":"B580C8D7","chunk_id":"ci7s0tx6eb7ik","chunk_label":"unnamed-chunk-1"},{"row":240,"row_count":1,"visible":true,"expansion_state":0,"options":{"engine":"r","label":"unnamed-chunk-39","dev":"png"},"document_id":"B580C8D7","chunk_id":"ciwvsbslsitvc","chunk_label":"unnamed-chunk-2"},{"row":248,"row_count":1,"visible":true,"expansion_state":0,"options":{"engine":"r","echo":false,"label":"unnamed-chunk-40","dev":"png"},"document_id":"B580C8D7","chunk_id":"cr5adcfhmmonj","chunk_label":"unnamed-chunk-3"},{"row":265,"row_count":1,"visible":true,"expansion_state":0,"options":{"engine":"r","echo":false,"label":"unnamed-chunk-29","dev":"png"},"document_id":"B580C8D7","chunk_id":"cgdira442g57g","chunk_label":"unnamed-chunk-4"},{"row":285,"row_count":1,"visible":true,"expansion_state":0,"options":{"engine":"r","echo":false,"label":"unnamed-chunk-30","dev":"png"},"document_id":"B580C8D7","chunk_id":"cqcehys0aw7zr","chunk_label":"unnamed-chunk-5"},{"row":300,"row_count":1,"visible":true,"expansion_state":0,"options":{"engine":"r","echo":false,"label":"unnamed-chunk-31","dev":"png"},"document_id":"B580C8D7","chunk_id":"c2hj614zq8joq","chunk_label":"unnamed-chunk-6"},{"row":365,"row_count":1,"visible":true,"expansion_state":0,"options":{"engine":"r","echo":false,"label":"unnamed-chunk-36","dev":"png"},"document_id":"B580C8D7","chunk_id":"cbhjj8r1cwdt9","chunk_label":"unnamed-chunk-7"}],"doc_write_time":1728916400}