"0","# obtain diet distribution"
"0","for (i in 1:length(simmr_list)) {"
"0","  # make list of the distribution"
"0","  simmr.dist = simmr_diet_output_dist(simmr_list[[i]], groups)"
"0","  # resample within the distribution"
"0","  resample.diet = diet_resample(simmr.dist)"
"0","  # save the output"
"0","  assign(paste0(""resample_"", predator_list[i]), resample.diet)"
"0","}"
"0",""
"0","# make list of resampled diets"
"0","resample_data_list <- list("
"0","  AnchovyJuv = resample_AnchovyJuv,"
"0","  BenthicInverts = resample_BenthicInverts,"
"0","  BlueCrab = resample_BlueCrab,"
"0","  Fundulus = resample_Fundulus,"
"0","  MudSnail = resample_MudSnail,"
"0","  Silverside = resample_Silverside,"
"0","  Oyster = resample_Oyster,"
"0","  Spot = resample_Spot"
"0",")"
