{"chunk_definitions":[{"row":47,"row_count":1,"visible":true,"expansion_state":0,"options":{"engine":"r","include":false,"label":"unnamed-chunk-50","dev":"png"},"document_id":"791B2B2D","chunk_id":"c50b4ckn4bhwi","chunk_label":"unnamed-chunk-1"},{"row":245,"row_count":1,"visible":true,"expansion_state":0,"options":{"engine":"r","label":"unnamed-chunk-52","dev":"png"},"document_id":"791B2B2D","chunk_id":"cfn1wwrqsgsyx","chunk_label":"unnamed-chunk-2"},{"row":253,"row_count":1,"visible":true,"expansion_state":0,"options":{"engine":"r","echo":false,"label":"unnamed-chunk-53","dev":"png"},"document_id":"791B2B2D","chunk_id":"cyhokxwtve6lu","chunk_label":"unnamed-chunk-3"},{"row":270,"row_count":1,"visible":true,"expansion_state":0,"options":{"engine":"r","echo":false,"label":"unnamed-chunk-54","dev":"png"},"document_id":"791B2B2D","chunk_id":"czlsg5v0dwar8","chunk_label":"unnamed-chunk-4"},{"row":290,"row_count":1,"visible":true,"expansion_state":0,"options":{"engine":"r","echo":false,"label":"unnamed-chunk-55","dev":"png"},"document_id":"791B2B2D","chunk_id":"c7i610bxk91xv","chunk_label":"unnamed-chunk-5"},{"row":305,"row_count":1,"visible":true,"expansion_state":0,"options":{"engine":"r","echo":false,"label":"unnamed-chunk-56","dev":"png"},"document_id":"791B2B2D","chunk_id":"cv15ixm0x4zot","chunk_label":"unnamed-chunk-6"},{"row":370,"row_count":1,"visible":true,"expansion_state":0,"options":{"engine":"r","echo":false,"label":"unnamed-chunk-65","dev":"png"},"document_id":"791B2B2D","chunk_id":"c7dyafvmcykee","chunk_label":"unnamed-chunk-7"}],"doc_write_time":1728999106}