"0","# input diets for each species"
"0","REco.params$diet[, AnchovyJuv := c(diet_AnchovyJuv)]"
"0","REco.params$diet[, Fundulus := c(diet_Fundulus)]"
"0","REco.params$diet[, BlueCrab := c(diet_BlueCrab)]"
"0","REco.params$diet[, MudSnail := c(diet_MudSnail)]"
"0","REco.params$diet[, BenthicInverts := c(diet_BenthicInverts)]"
"0","REco.params$diet[, Oyster := c(diet_Oyster)]"
"0","REco.params$diet[, Silverside := c(diet_Silverside)]"
"0","REco.params$diet[, Spot := c(diet_Spot)]"
"0","REco.params$diet[, Zooplankton := c(1, rep(0, 11), NA)]"
"0",""
"0","# run Rpath"
"0","# base run to check balance"
"0","REco = rpath(REco.params, eco.name = ""Oyster Reef_SIA"")"
"0","REco"
"1","Rpath model: Oyster Reef_SIA 
"
"1","Model Area: 1 
"
"1","     Status: Balanced
"
