"0","# create vector of group names"
"0","groups = c('Phytoplankton', 'BenthicAlgae', 'Oyster', 'Zooplankton','MudSnail', 'BenthicInverts', 'AnchovyJuv',"
"0","           'Silverside', 'Fundulus', 'Spot','BlueCrab', 'Detritus', 'Fishing')"
"0",""
"0","# create vector of group types"
"0","# 0 - living, 1 - primary producer, 2 - detritus, 3 - fishing fleet"
"0","types = c(1, 1, 0, 0, 0, 0, 0, 0, 0, 0, 0, 2, 3)"
"0",""
"0","# create rpath parameter file"
"0","REco.params = create.rpath.params(group = groups, type = types)"
"0",""
"0","# biomass and parameter values for model"
"0","# biomass"
"0","biomass = c(NA, # phytoplankton "
"0","            NA, # benthicalgae"
"0","            8.1157, # oyster"
"0","            NA, # zooplankton"
"0","            NA, # mud snail"
"0","            NA, # benthic inverts"
"0","            2.04247261, # anchovy and juveniles"
"0","            6.24915461, # silversides"
"0","            9.99594211, # fundulus"
"0","            0.97389422, # spot"
"0","            6.03273367, # blue crab"
"0","            NA, # detritus"
"0","            NA) # fishing"
"0",""
"0","# P/B"
"0","pb = c(160, # phytoplankton"
"0","       80, #benthic algae"
"0","       0.63, # oysters"
"0","       25, # zooplankton"
"0","       2, # mudsnail"
"0","       2, # benthic inverts"
"0","       3.12, # anchovy and juveniles changed back from 3.1"
"0","       1.1, # silversides "
"0","       1.2, # fundulus"
"0","       0.9, # spot"
"0","       1.21, # blue crab"
"0","       NA, # detritus"
"0","       NA) # fishing"
"0",""
"0","# Q/B"
"0","qb = c(NA, # phytoplankton"
"0","       NA, # benthic algae"
"0","       2, # oysters"
"0","       83.33, # zooplankton"
"0","       10, # mudsnail"
"0","       10, # benthic inverts"
"0","       9.7, # anchovy and juveniles"
"0","       4, # silversides"
"0","       3.65, # fundulus"
"0","       6.2, # spot"
"0","       4, # blue crab"
"0","       NA, # detritus"
"0","       NA) # fishing"
"0",""
"0","# assign values to rpath parameter"
"0","REco.params$model[, Biomass := biomass]"
"0","REco.params$model[, PB := pb]"
"0","REco.params$model[, QB := qb]"
"0",""
"0","# EE for groups without biomass"
"0","REco.params$model[Group == 'Phytoplankton', EE := 0.95]"
"0","REco.params$model[Group == 'Zooplankton', EE := 0.95]"
"0","REco.params$model[Group == 'BenthicAlgae', EE := 0.899]"
"0","REco.params$model[Group == 'Oyster', EE := 0]"
"0","REco.params$model[Group == 'MudSnail', EE := 0.9]"
"0","REco.params$model[Group == 'BenthicInverts', EE := 0.9]"
"0",""
"0","#Biomass accumulation and unassimilated consumption"
"0","REco.params$model[, BioAcc  := c(rep(0, 12), rep(NA, 1))]"
"0","REco.params$model[, Unassim := c(rep(0, 2), rep(0.2, 10), rep(NA, 1))]"
"0",""
"0","#Detrital Fate"
"0","REco.params$model[, Detritus := c(rep(1, 11), rep(0, 2))]"
"0",""
"0","# fisheries landings and discards (assuming 0 here)"
"0","# create landings and discards object"
"0","land = c(rep(0, 12), rep(NA, 1))"
"0","disc = c(rep(0, 12), rep(NA, 1))"
"0",""
"0","# assign them to the rpath model"
"0","REco.params$model[, Fishing := land]"
"0","REco.params$model[, Fishing.disc := disc]"
