{"chunk_definitions":[{"row":9,"row_count":1,"visible":true,"expansion_state":0,"options":{"engine":"r","label":"setup","include":false,"dev":"png"},"document_id":"2EA56D11","chunk_id":"csetup_chunk","chunk_label":"setup"},{"row":37,"row_count":1,"visible":true,"expansion_state":0,"options":{"engine":"r","echo":true,"results":"hide","message":false,"label":"unnamed-chunk-6","dev":"png"},"document_id":"2EA56D11","chunk_id":"cofdgob9le3lp","chunk_label":"unnamed-chunk-2"},{"row":86,"row_count":1,"visible":true,"expansion_state":0,"options":{"engine":"r","label":"pressure","echo":true,"results":"hide","message":false,"dev":"png"},"document_id":"2EA56D11","chunk_id":"cb23x9101o90s","chunk_label":"pressure"},{"row":178,"row_count":1,"visible":true,"expansion_state":0,"options":{"engine":"r","echo":true,"label":"unnamed-chunk-8","dev":"png"},"document_id":"2EA56D11","chunk_id":"cep2d7h9iwhfh","chunk_label":"unnamed-chunk-3"},{"row":197,"row_count":1,"visible":true,"expansion_state":0,"options":{"engine":"r","echo":true,"label":"unnamed-chunk-9","dev":"png"},"document_id":"2EA56D11","chunk_id":"c534gcuje8pgp","chunk_label":"unnamed-chunk-4"},{"row":222,"row_count":1,"visible":true,"expansion_state":0,"options":{"engine":"r","echo":true,"fig.width":10,"fig.height":6,"label":"unnamed-chunk-10","dev":"png"},"document_id":"2EA56D11","chunk_id":"c232qqedk7b38","chunk_label":"unnamed-chunk-5"},{"row":251,"row_count":1,"visible":true,"expansion_state":0,"options":{"engine":"r","echo":true,"label":"unnamed-chunk-11","dev":"png"},"document_id":"2EA56D11","chunk_id":"cm8fxaskoi5so","chunk_label":"unnamed-chunk-6"},{"row":261,"row_count":1,"visible":true,"expansion_state":0,"options":{"engine":"r","echo":true,"results":"hide","label":"unnamed-chunk-12","dev":"png"},"document_id":"2EA56D11","chunk_id":"c9rtt04d9hhr1","chunk_label":"unnamed-chunk-7"},{"row":274,"row_count":1,"visible":true,"expansion_state":0,"options":{"engine":"r","echo":true,"fig.width":4.5,"fig.height":3,"label":"unnamed-chunk-25","dev":"png"},"document_id":"2EA56D11","chunk_id":"c66bkek6bac34","chunk_label":"unnamed-chunk-8"},{"row":284,"row_count":1,"visible":true,"expansion_state":0,"options":{"engine":"r","echo":true,"fig.width":10,"fig.height":6,"label":"unnamed-chunk-16","dev":"png"},"document_id":"2EA56D11","chunk_id":"crad3aka98ut1","chunk_label":"unnamed-chunk-9"},{"row":292,"row_count":1,"visible":true,"expansion_state":0,"options":{"engine":"r","echo":true,"fig.width":4.5,"fig.height":3,"label":"unnamed-chunk-30","dev":"png"},"document_id":"2EA56D11","chunk_id":"cd7ncnjhwvzzg","chunk_label":"unnamed-chunk-10"},{"row":304,"row_count":1,"visible":true,"expansion_state":0,"options":{"engine":"r","echo":true,"fig.width":10,"fig.height":6,"label":"unnamed-chunk-1","dev":"png"},"document_id":"2EA56D11","chunk_id":"cbbbtdtb9sqgc","chunk_label":"unnamed-chunk-11"}],"doc_write_time":1731943278}