{"chunk_definitions":[{"row":9,"row_count":1,"visible":true,"expansion_state":0,"options":{"engine":"r","label":"setup","include":false,"dev":"png"},"document_id":"2EA56D11","chunk_id":"csetup_chunk","chunk_label":"setup"},{"row":36,"row_count":1,"visible":true,"expansion_state":0,"options":{"engine":"r","echo":true,"results":"hide","message":false,"label":"unnamed-chunk-6","dev":"png"},"document_id":"2EA56D11","chunk_id":"cofdgob9le3lp","chunk_label":"unnamed-chunk-2"},{"row":85,"row_count":1,"visible":true,"expansion_state":0,"options":{"engine":"r","label":"pressure","echo":true,"results":"hide","message":false,"dev":"png"},"document_id":"2EA56D11","chunk_id":"cb23x9101o90s","chunk_label":"pressure"},{"row":177,"row_count":1,"visible":true,"expansion_state":0,"options":{"engine":"r","echo":true,"label":"unnamed-chunk-8","dev":"png"},"document_id":"2EA56D11","chunk_id":"cep2d7h9iwhfh","chunk_label":"unnamed-chunk-3"},{"row":196,"row_count":1,"visible":true,"expansion_state":0,"options":{"engine":"r","echo":true,"label":"unnamed-chunk-9","dev":"png"},"document_id":"2EA56D11","chunk_id":"c534gcuje8pgp","chunk_label":"unnamed-chunk-4"},{"row":221,"row_count":1,"visible":true,"expansion_state":0,"options":{"engine":"r","echo":true,"fig.width":10,"fig.height":6,"label":"unnamed-chunk-10","dev":"png"},"document_id":"2EA56D11","chunk_id":"c232qqedk7b38","chunk_label":"unnamed-chunk-5"},{"row":250,"row_count":1,"visible":true,"expansion_state":0,"options":{"engine":"r","echo":true,"label":"unnamed-chunk-11","dev":"png"},"document_id":"2EA56D11","chunk_id":"cm8fxaskoi5so","chunk_label":"unnamed-chunk-6"},{"row":260,"row_count":1,"visible":true,"expansion_state":0,"options":{"engine":"r","echo":true,"results":"hide","label":"unnamed-chunk-12","dev":"png"},"document_id":"2EA56D11","chunk_id":"c9rtt04d9hhr1","chunk_label":"unnamed-chunk-7"},{"row":273,"row_count":1,"visible":true,"expansion_state":0,"options":{"engine":"r","echo":true,"fig.width":4.5,"fig.height":3,"label":"unnamed-chunk-25","dev":"png"},"document_id":"2EA56D11","chunk_id":"c66bkek6bac34","chunk_label":"unnamed-chunk-8"},{"row":283,"row_count":1,"visible":true,"expansion_state":0,"options":{"engine":"r","echo":true,"fig.width":10,"fig.height":6,"label":"unnamed-chunk-16","dev":"png"},"document_id":"2EA56D11","chunk_id":"crad3aka98ut1","chunk_label":"unnamed-chunk-9"},{"row":291,"row_count":1,"visible":true,"expansion_state":0,"options":{"engine":"r","echo":true,"fig.width":4.5,"fig.height":3,"label":"unnamed-chunk-30","dev":"png"},"document_id":"2EA56D11","chunk_id":"cd7ncnjhwvzzg","chunk_label":"unnamed-chunk-10"},{"row":303,"row_count":1,"visible":true,"expansion_state":0,"options":{"engine":"r","echo":true,"fig.width":10,"fig.height":6,"label":"unnamed-chunk-1","dev":"png"},"document_id":"2EA56D11","chunk_id":"cbbbtdtb9sqgc","chunk_label":"unnamed-chunk-11"}],"doc_write_time":1731610512,"working_dir":null,"default_chunk_options":{"echo":true},"chunk_rendered_width":700}